song,Days_on_chart,Average_rank,Best_rank,Rank_volatility
"""Slut!"" (Taylor's Version) (From The Vault)",26,15.5,3,12.130127781684742
(Don't Fear) The Reaper,1,50.0,50,
(There's No Place Like) Home for the Holidays - 1959 Version,2,45.0,45,0.0
16 CARRIAGES,10,26.0,16,10.63537075569588
2 hands,7,33.57142857142857,8,12.286267983093195
28,100,27.57,10,12.255079342744775
3001,1,32.0,32,
360,43,34.04651162790697,19,9.596510993888035
3D (feat. Jack Harlow),12,26.333333333333332,9,18.430870020076906
500lbs,186,24.827956989247312,12,10.007698286456016
505,17,43.76470588235294,36,3.7504901640436588
57,1,47.0,47,
7 Minute Drill,7,16.571428571428573,3,11.674147261608203
7969 Santa,7,15.0,9,4.864839839775475
8am in Charlotte,7,14.714285714285714,13,1.7043362064926935
A Bar Song (Tipsy),226,10.765486725663717,1,8.68218374897318
A Holly Jolly Christmas,37,13.64864864864865,7,9.589392913863552
A Night To Remember,1,32.0,32,
ACHO PR,2,28.0,28,0.0
ADIVINO,3,40.666666666666664,36,4.041451884327381
ALL RED,20,18.3,1,10.54863423437017
ALLIIGATOR TEARS,4,34.5,22,12.069244660154448
AMERICA HAS A PROBLEM (feat. Kendrick Lamar),10,31.6,12,13.945927322659076
AMERIICAN REQUIEM,6,25.5,6,15.55313473226539
AMG,34,33.05882352941177,20,8.492210964102547
ANTHEM PART 3,1,40.0,40,
APT.,39,9.051282051282051,1,5.296218700508574
ATTITUDE (FEAT. CHARLIE WILSON & CASH COBAIN),1,39.0,39,
Abracadabra (feat. Travis Scott),1,49.0,49,
Agora Hills,175,22.474285714285713,6,12.66718865055316
Ain't No Love,1,27.0,27,
Ain't No Love In Oklahoma (From Twisters: The Album),121,31.214876033057852,15,9.54917676344428
Ain't No Mountain High Enough,1,50.0,50,
Ain't No Sunshine,1,49.0,49,
All Alone,1,22.0,22,
All I Want for Christmas Is You,75,17.266666666666666,2,15.160700737328957
All My Life (feat. J. Cole),96,20.760416666666668,3,15.466598844754506
All Summer Long,2,28.0,28,0.0
All The Parties (feat. Chief Keef),7,26.428571428571427,17,7.828519290754432
All The Stars (with SZA),1,46.0,46,
"All The Way Live (Spider-Man: Across the Spider-Verse) (Metro Boomin & Future, Lil Uzi Vert)",6,43.0,27,8.07465169527454
All You Had To Do Was Stay (Taylor's Version),9,27.0,11,13.304134695650069
"Am I Dreaming (Metro Boomin & A$AP Rocky, Roisee)",28,24.071428571428573,12,10.687232158839405
Amen (feat. Teezo Touchdown),7,17.714285714285715,7,8.440266301373152
American Girl,4,22.5,11,16.502525059315417
American Kids,3,43.666666666666664,43,0.5773502691896247
American Nights,8,25.25,13,11.448643088655903
American Pie,3,24.666666666666668,15,16.74315780649915
Amped,2,23.5,10,19.091883092036785
"Annihilate (Spider-Man: Across the Spider-Verse) (Metro Boomin & Swae Lee, Lil Wayne, Offset)",28,18.357142857142858,5,13.34503454809867
Another Late Night (feat. Lil Yachty),7,25.428571428571427,19,5.968169536721256
Anti-Hero,120,32.208333333333336,12,10.487203753958
Antichrist,4,39.5,18,14.364307617610164
Apple,47,31.70212765957447,15,8.799493299683503
Aquí Te Espero,1,37.0,37,
Are You Gone Already,1,18.0,18,
Area Codes,53,22.18867924528302,12,10.14710380008765
As Good As I Once Was,2,32.0,16,22.627416997969522
As It Was,92,33.71739130434783,23,6.787716907195761
Attention,14,18.785714285714285,3,12.128660091056869
Austin,64,32.234375,14,8.625805115401628
Austin (Boots Stop Workin'),134,31.970149253731343,19,7.524336753932427
Away From Home,6,30.5,23,6.024948132556827
Aye (feat. Travis Scott),3,10.666666666666666,4,7.023769168568493
BABY NUEVA,6,26.333333333333332,13,12.612163441165306
BACK TO ME,11,26.454545454545453,3,18.543805630795617
BAND4BAND (feat. Lil Baby),34,24.91176470588235,11,12.42521299630574
BANDIT,6,40.0,30,6.542170893518451
BATICANO,2,27.0,27,0.0
BBL Love - Interlude,5,38.8,24,12.296340919151518
BEG FORGIVENESS,4,29.25,21,7.675719293112969
BELLAKEO,27,42.407407407407405,30,6.558958989042621
BEST INTEREST,3,44.333333333333336,44,0.5773502691896263
BIRDS OF A FEATHER,191,5.2565445026178015,2,3.1224394304282823
BITTERSUITE,10,31.6,19,12.482877161224579
BLACKBIIRD,5,22.2,7,11.819475453673908
BLUE,21,29.428571428571427,17,9.20636425833471
BODYGUARD,10,23.2,8,12.227473619317733
BROTHER STONE (FEAT. KODAK BLACK),1,46.0,46,
BURN,26,22.115384615384617,6,9.803374615210512
BYE,9,38.111111111111114,22,9.360080721399314
Baby Please,1,46.0,46,
"Baby, It's Cold Outside",3,39.333333333333336,37,4.041451884327381
Back To December (Taylor's Version),11,20.818181818181817,2,19.077831018321668
Bad Blood (Taylor's Version),4,29.75,17,11.7011395456454
Bad Blood (feat. Kendrick Lamar) (Taylor's Version),3,31.0,27,4.0
Bad Habit,34,44.11764705882353,35,3.4532786869639636
Bad One,1,35.0,35,
Bahamas Promises,7,20.142857142857142,10,6.283008075451637
Balloon (feat. Doechii),13,29.307692307692307,13,11.250071224845758
Bandit,50,36.96,9,9.743569307863664
Barbie Dangerous,1,19.0,19,
Barbie World (with Aqua) [From Barbie The Album],104,18.75,1,13.995665070896028
Beautiful Things,307,14.700325732899023,1,8.940330513883309
Bed Chem,96,16.260416666666668,6,10.625931331731193
Beep Beep,1,43.0,43,
Beer For My Horses,1,18.0,18,
Belong Together,3,48.0,47,1.0
Better Days (feat. John Mayer),7,29.714285714285715,24,7.134757312253998
Better Than Revenge (Taylor's Version),7,17.857142857142858,5,12.562226069034255
Big Dawgs,59,28.16949152542373,13,10.648219119958561
Big Difference,1,49.0,49,
Big Foot,2,16.5,10,9.192388155425117
Blank Space,21,37.142857142857146,12,10.160146230668701
Blank Space (Taylor's Version),11,22.272727272727273,7,12.353873150481261
Blinding Lights,1,46.0,46,
Bloody Mary,1,32.0,32,
Blue Christmas,30,33.06666666666667,16,10.705890525968542
Bongos (feat. Megan Thee Stallion),9,36.666666666666664,26,7.1063352017759485
Boons,1,37.0,37,
Born in the U.S.A.,4,17.75,8,17.55704986607944
Boy's a Liar Pt. 2,100,24.87,9,10.609367882616137
Boys Of Faith (feat. Bon Iver),8,25.75,13,14.839618786016228
Brand New Dance,6,27.5,10,13.794926603646719
Breaking News - skit,1,31.0,31,
Breathe,38,23.210526315789473,14,7.2714097474633475
Brown Eyed Girl,3,40.0,29,9.539392014169456
But Daddy I Love Him,33,21.181818181818183,5,12.763361982287783
Bye,24,29.458333333333332,21,5.283108165091641
Bye Bye Bye - From Deadpool and Wolverine Soundtrack,16,36.3125,24,5.918544303007851
CARNIVAL,107,16.42056074766355,1,17.782775948577676
CHIHIRO,56,21.767857142857142,5,14.13698061041398
CIRCUS MAXIMUS,3,17.666666666666668,12,5.507570547286101
CIRCUS MAXIMUS (feat. The Weeknd & Swae Lee),5,28.6,23,4.929503017546495
CS,1,27.0,27,
CYBERTRUCK,5,19.8,7,11.713240371477058
California Sober (Feat. Chris Stapleton),6,34.333333333333336,17,11.500724614852174
Call Your Friends,1,33.0,33,
Call Your Mom,1,35.0,35,
"Calling (Spider-Man: Across the Spider-Verse) (Metro Boomin & Swae Lee, NAV, feat. A Boogie Wit da Hoodie)",31,16.225806451612904,4,10.138078967994396
Calling For You (feat. 21 Savage),7,8.142857142857142,4,4.740906081772817
Calm Down (with Selena Gomez),52,42.55769230769231,35,3.7069804928077668
Can’t Catch Me Now - from The Hunger Games: The Ballad of Songbirds & Snakes,43,35.604651162790695,13,10.672928671317647
Cars Bring Me Out (feat. Future),1,17.0,17,
Cassandra,7,39.57142857142857,32,7.207800007795784
Castles Crumbling (feat. Hayley Williams) (Taylor’s Version) (From The Vault),7,15.571428571428571,10,9.089502055616007
Casual,81,41.75308641975309,29,5.8170672683869045
"Changes In Latitudes, Changes In Attitudes",1,50.0,50,
Cheeseburger In Paradise,2,38.0,30,11.313708498984761
Chemical,26,38.96153846153846,27,8.258235982245935
Chicken Fried,4,24.5,10,17.69180601295413
Chill Bae,1,40.0,40,
Chloe or Sam or Sophia or Marcus,8,34.625,27,7.229651246281327
Christmas (Baby Please Come Home),31,34.45161290322581,20,9.26944338378315
Christmas Time Is Here,12,39.75,27,9.245391972613854
Christmas Tree Farm,2,41.5,40,2.1213203435596424
Cinderella,27,20.666666666666668,7,8.651367166301165
Clara Bow,13,29.46153846153846,19,10.40525015409196
Claustrophobic,4,30.5,14,11.561430130683084
Clean (Taylor's Version),8,28.625,14,12.094124901904113
Close To You,21,35.76190476190476,26,7.725961182304516
Clouded,18,43.388888888888886,34,4.729617431225451
Cobra,3,45.0,45,0.0
Coincidence,24,27.041666666666668,12,12.369243647280825
Come Monday,1,44.0,44,
Cool With You,4,34.0,26,11.313708498984761
Corazón de Piedra,8,45.5,42,2.449489742783178
"Courtesy Of The Red, White And Blue (The Angry American)",7,19.857142857142858,10,8.802056036869482
Cowgirls (feat. ERNEST),184,31.39673913043478,17,8.749719134751677
Creepin' (with The Weeknd & 21 Savage),55,36.70909090909091,24,6.468363830191575
Crocodile Tearz,6,22.5,4,13.780420893427022
Cruel Summer,388,16.917525773195877,1,13.6252312712745
Cruel Summer - Live from TS | The Eras Tour,2,28.0,10,25.45584412271571
Crush Em,3,25.666666666666668,7,20.13289182738867
Cry,2,47.0,46,1.4142135623730951
Cupid - Twin Ver.,71,25.746478873239436,7,11.819739312884495
DAUGHTER,6,28.0,13,12.505998560690786
DELRESTO (ECHOES),3,12.0,8,4.58257569495584
DELRESTO (ECHOES) (feat. Beyoncé),5,18.4,16,2.4083189157584592
DESERT EAGLE,2,35.5,31,6.363961030678928
DEVIL IS A LIE,46,27.0,13,10.130262692656206
DJ Got Us Fallin' In Love (feat. Pitbull),2,38.0,37,1.4142135623730951
DO IT,5,18.6,11,7.092249290598858
DOS DÍAS,9,48.0,45,1.732050807568877
Dance The Night (From Barbie The Album),48,18.125,8,10.2596607301544
Dance The Night - From Barbie The Album,43,28.372093023255815,14,8.775027488259626
Dancing In The Flames,7,23.857142857142858,10,8.173709305420875
Danger (Spider) (Offset & JID),1,49.0,49,
Dark Red,27,45.851851851851855,40,3.48296628336453
"Darling, I (feat. Teezo Touchdown)",26,14.923076923076923,2,11.099272325420534
Dawns (feat. Maggie Rogers),4,49.5,49,0.5773502691896247
Daylight,62,34.064516129032256,6,12.377757639744775
Days Come and Go,1,40.0,40,
Dead or Alive,1,47.0,47,
Dear John (Taylor's Version),7,19.857142857142858,6,13.993195625357485
Deck The Hall,12,30.416666666666668,22,7.166314297186564
Deck The Halls,15,41.2,30,6.212889826803628
Deep Satin,4,32.75,22,9.429563439877091
Deeper Well,2,38.0,28,14.142135623730951
Defying Gravity,3,34.666666666666664,22,12.055427546683415
Deli,33,40.81818181818182,19,7.739729264703584
Demons,8,37.375,26,8.210402808980463
Devil I've Been (Feat. ERNEST),3,38.666666666666664,32,5.773502691896258
Dial Drunk,24,24.125,3,13.879332461081024
Dial Drunk (with Post Malone),35,32.8,4,13.564226306506306
Did It First (with Central Cee),17,38.64705882352941,28,6.382996714617947
Die For You,35,43.97142857142857,33,4.7433279102193175
Die With A Smile,103,3.466019417475728,1,3.6348410272991187
Died and Came Back,1,14.0,14,
Diet Pepsi,29,38.86206896551724,26,6.127946159842709
Disco,6,41.333333333333336,37,5.240865068542279
Disease,3,28.666666666666668,16,13.576941236277534
Disturbia,1,44.0,44,
Do They Know It's Christmas? - 1984 Version,4,41.5,39,3.785938897200183
Do You Hear What I Hear? - Remastered 2006,2,48.0,48,0.0
Doctor (Work It Out) [feat. Miley Cyrus],1,45.0,45,
Don't Understand,1,32.0,32,
Don’t Blame Me,6,46.833333333333336,45,2.4832774042918886
Don’t Smile,15,30.8,19,11.626324809303608
Doomsday (with Juice WRLD & Cordae),7,39.285714285714285,28,6.524678426668135
Down Bad,49,19.79591836734694,2,14.209708523630265
Dreams - 2004 Remaster,12,44.0,38,3.5161962919661303
Drew A Picasso,7,28.428571428571427,16,8.323804075404123
Drugs You Should Try It,1,30.0,30,
Dumb & Poetic,14,30.285714285714285,16,12.079407597729613
ETA,3,32.666666666666664,30,4.618802153517007
East Side of Sorrow,22,23.636363636363637,3,13.89945341352692
El Azul,70,30.84285714285714,21,5.867216001008015
El Dorado,8,27.625,15,9.62047667366703
El Gordo Trae El Mando,32,43.0625,31,6.405327923412788
Electric Touch (feat. Fall Out Boy) (Taylor’s Version) (From The Vault),7,22.285714285714285,9,11.190982764623277
Ella Baila Sola,170,18.96470588235294,1,15.256347643001167
Empire Now,1,26.0,26,
Enchanted,1,35.0,35,
Enchanted (Taylor's Version),11,21.363636363636363,5,17.001604202384712
End of Beginning,148,25.39864864864865,3,16.235821596806595
Endless Fashion (feat. Nicki Minaj),7,15.142857142857142,6,7.358183005529092
Enough (Miami),5,33.0,28,4.898979485566356
Enough Is Enough,8,34.75,28,3.8078865529319543
Espresso,226,7.946902654867257,1,6.22516856776975
Evergreen,55,43.07272727272727,32,5.583887353788396
Everybody (feat. Lil Uzi Vert),30,35.3,23,8.554692199061849
Everyday Hustle,3,38.333333333333336,24,12.423096769056148
Evil,4,29.0,15,9.626352718795768
Evil Ways (feat. J. Cole),4,27.0,5,18.7794213613377
FE!N,3,2.3333333333333335,2,0.5773502691896258
FE!N (feat. Playboi Carti),232,31.57758620689655,2,13.33786775411656
FIELD TRIP,8,23.5,15,9.665845613735584
FINA,15,16.933333333333334,2,9.176574731866122
FLAMENCO,2,31.0,27,5.656854249492381
FRIED,3,45.0,45,0.0
FTCU,54,18.796296296296298,6,10.427430497417694
FUK SUMN,17,28.647058823529413,2,16.58290225077696
Fallin 4 U,1,48.0,48,
Family Matters,15,18.066666666666666,5,13.019033685156442
Fare Well,1,35.0,35,
Fast Car,184,20.820652173913043,3,13.051198366713981
Father Stretch My Hands Pt. 1,39,38.15384615384615,24,9.260949313447021
Favorite Song,2,50.0,50,0.0
Favorite Song (feat. Future) [Toxic Version],4,41.5,34,5.972157622389639
Fear Of Heights,7,11.571428571428571,5,4.859943170351646
Fear and Friday's,15,23.8,8,12.013088100662783
Fear and Friday's (Poem),6,31.0,9,13.870832707519762
Feather,121,34.6198347107438,19,8.026265422917337
Feel It - From The Original Series “Invincible”,4,36.5,32,6.60807586719967
Feliz Navidad,34,20.38235294117647,8,9.085501957022064
Femininomenon,12,43.166666666666664,41,2.5166114784235845
Fever,1,19.0,19,
Finer Things (Feat. Hank Williams Jr.),5,25.6,14,8.502940667792526
Fire Alarm,1,28.0,28,
Firework,3,20.0,18,3.4641016151377544
First Person Shooter (feat. J. Cole),138,27.079710144927535,1,14.148359681150163
Five Nights at Freddy's,1,43.0,43,
Flooded The Face,27,27.40740740740741,2,14.468159362117742
Florida!!! (feat. Florence + The Machine),28,20.357142857142858,8,9.851543536568778
Flowers,76,29.157894736842106,14,9.758487084350657
Foolish One (Taylor’s Version) (From The Vault),7,19.0,13,8.34665601703261
Forever,7,19.857142857142858,3,10.399175791516226
Fortnight (feat. Post Malone),103,18.95145631067961,1,13.098704202322276
Fortunate Son,4,37.25,30,8.845903006477068
Fresh Out The Slammer,18,26.5,14,11.84830591017874
Fried (She a Vibe),4,36.5,21,11.0
From The Start,24,44.833333333333336,30,5.961227380670692
Fuel,8,24.125,16,11.10260587172476
GIRLS,2,38.5,36,3.5355339059327378
GOD'S COUNTRY,8,20.875,11,5.514591035218685
GOOD (DON'T DIE),3,36.333333333333336,29,7.023769168568491
GRACIAS POR NADA,3,24.0,12,20.784609690826528
GTA,1,28.0,28,
Gata Only,113,31.02654867256637,13,8.941736185870116
Gata Only (Mashup),2,26.0,26,0.0
Gently (feat. Bad Bunny),15,23.133333333333333,8,13.87632447560884
Get It Sexyy,56,36.42857142857143,26,7.1219434090757785
Ghostbusters,5,24.0,1,19.974984355438178
Goes Without Saying (Feat. Brad Paisley),5,39.2,24,11.009087155618307
Good Graces,67,24.19402985074627,6,12.30574983366688
"Good Luck, Babe!",232,9.974137931034482,1,8.571533685975364
Gucci Grocery Bag,1,36.0,36,
Guess featuring Billie Eilish,66,25.454545454545453,4,9.916857160615752
Guess featuring billie eilish,14,39.5,21,8.121670915614498
Guilty Conscience 2,1,21.0,21,
Guilty as Sin?,39,24.564102564102566,10,12.516925113820617
Guy For That (Feat. Luke Combs),31,23.0,7,11.195237082497774
H.Y.B. (feat. Bas & Central Cee),4,32.0,13,15.769168230019828
HARLEY QUINN,58,33.05172413793103,18,9.74305405087925
HIBIKI,7,20.857142857142858,5,13.458932243787292
HISS,17,11.352941176470589,1,13.29445926161811
HOODRAT,3,27.0,18,8.54400374531753
HOT TO GO!,172,16.686046511627907,7,9.959874618045184
HUMBLE.,2,36.5,31,7.7781745930520225
HVN ON EARTH (with Kodak Black),1,41.0,41,
HYAENA,9,12.444444444444445,2,7.316268022549322
Habits,6,20.0,5,11.64474130240771
Happy Holiday / The Holiday Season,4,42.25,38,5.678908345800273
Happy Xmas (War Is Over) - Remastered 2010,6,38.333333333333336,32,7.3393914370788735
Haunted (Taylor's Version),5,23.8,14,10.2810505299799
Have The Heart (Feat. Dolly Parton),3,29.0,21,6.928203230275509
Have Yourself A Merry Little Christmas - Remastered 1999,3,43.333333333333336,42,2.3094010767585034
Head Honcho,1,29.0,29,
Heading South,213,40.6150234741784,27,6.027621924172675
Heartless,56,43.32142857142857,34,3.847583151004811
Heather,2,45.0,42,4.242640687119285
Heavy Is the Crown,2,44.5,44,0.7071067811865476
Hellcat Kenny (feat. Lil Uzi Vert),1,31.0,31,
Here Comes Santa Claus (Right Down Santa Claus Lane),3,49.333333333333336,49,0.5773502691896263
Here Comes Santa Claus (Right Down Santa Claus Lane) - 1947 Version,4,36.25,35,2.4999999999999996
Hey Daddy (Daddy's Home),1,40.0,40,
Hey Driver (feat. The War and Treaty),55,22.472727272727273,3,14.594334955543976
Hey Jane,10,24.1,6,12.60026454748735
Hide My Gun (Feat. HARDY),3,38.333333333333336,35,2.886751345948128
High Road,7,34.857142857142854,10,12.266873704256946
High Road (feat. Jessie Murph),29,33.44827586206897,17,9.462656705237817
Hits Different,12,21.25,2,13.605647223253893
Holly Jolly Christmas,34,23.91176470588235,15,7.959624047231254
Holy Roller (feat. Sierra Ferrell),8,23.25,13,8.79529094783924
Home,53,40.075471698113205,27,5.840340666446192
Houdini,75,20.266666666666666,4,12.470866951520355
How Did It End?,10,35.3,28,7.972870666621067
How Do You Like Me Now?!,1,19.0,19,
How You Get The Girl (Taylor's Version),6,33.333333333333336,16,13.779211394948067
Huntin’ Wabbitz,4,27.0,9,14.30617582258329
I Ain't Worried,3,45.666666666666664,43,2.309401076758502
I Can Do It With a Broken Heart,96,22.28125,3,13.13308648133849
I Can Fix Him (No Really I Can),15,28.466666666666665,16,12.07042824821216
I Can See You (Taylor’s Version) (From The Vault),36,25.916666666666668,1,17.96723207874347
I Gotta,3,16.333333333333332,9,8.082903768654761
I Had Some Help (Feat. Morgan Wallen),198,8.722222222222221,1,7.2370038329605295
I Hate It Here,9,35.333333333333336,29,7.729812416870153
I Hope You Find Your Way Home,4,24.25,14,12.553220038433698
I KNOW ?,221,22.981900452488688,3,11.11099529168577
I Killed You,10,27.9,7,13.453211099543815
I Know Places (Taylor's Version),6,30.833333333333332,18,11.391517311871437
I LUV IT (feat. Playboi Carti),5,41.2,31,6.942621983083914
I Look in People's Windows,8,37.25,31,6.4309519401985
I Love This Bar,1,44.0,44,
"I Love You, I'm Sorry",104,25.423076923076923,9,11.036296962061233
I Remember Everything (feat. Kacey Musgraves),446,13.90134529147982,1,9.89082643788304
I Saw Mommy Kissing Santa Claus,3,43.666666666666664,41,4.618802153517006
I Want a Hippopotamus for Christmas (Hippo the Hero),3,44.333333333333336,44,0.5773502691896263
I Wish You Would (Taylor's Version),8,31.625,13,13.814459298658262
I might say something stupid featuring the 1975 & jon hopkins,1,47.0,47,
"I swear, I Really Wanted To Make A ""Rap"" Album But This Is Literally The Way The Wind Blew Me This Time",1,31.0,31,
I'm Shipping Up To Boston,1,48.0,48,
IDGAF (feat. Yeat),150,20.126666666666665,1,13.474458396639692
II HANDS II HEAVEN,2,39.0,36,4.242640687119285
II MOST WANTED,14,20.642857142857142,4,13.95380920067317
Ice Attack,6,21.833333333333332,8,9.17423929634859
Igual Que Un Ángel (with Peso Pluma),35,18.02857142857143,6,12.989782668755957
In Your Love,7,43.142857142857146,37,4.017817460121495
Innocent (Taylor's Version),4,32.0,21,10.984838035522722
Is It Over Now? (Taylor's Version) (From The Vault),89,24.39325842696629,1,17.8749558025697
It's Beginning to Look a Lot Like Christmas (with Mitchell Ayres & His Orchestra),34,26.88235294117647,15,9.101330924591766
It's Beginning to Look a Lot like Christmas,37,15.378378378378379,9,8.3810346462559
It's Five O'Clock Somewhere,2,24.0,12,16.97056274847714
It's Getting Hot,2,48.0,48,0.0
It's Up (feat. Young Thug & 21 Savage),5,34.0,20,13.2664991614216
It's ok I'm ok,26,33.11538461538461,9,12.277872529316872
It's the Most Wonderful Time of the Year,42,12.476190476190476,4,12.863709769580648
I’m Just Ken (From Barbie The Album),8,43.125,29,9.203066259211033
JOLENE,9,21.444444444444443,3,16.241236953439778
JUST FOR FUN,3,32.666666666666664,24,10.26320287889377
Jake's Piano - Long Island,8,30.5,17,9.227288721117223
Jennifer’s Body,2,47.0,47,0.0
Jimmy Cooks (feat. 21 Savage),86,44.24418604651163,34,3.9285861743998143
Jingle Bell Rock,54,13.74074074074074,2,14.758668939810006
Jingle Bells - Remastered 1999,34,29.764705882352942,17,9.403606089507953
Joy To The World,4,39.25,36,4.716990566028303
Judge Judy,12,25.166666666666668,8,12.705284035559472
Juno,87,32.11494252873563,11,10.618572241603244
Just Wanna Rock,32,40.0625,16,8.41633396553124
K-POP,33,18.90909090909091,2,13.172802559543936
KEHLANI,7,44.857142857142854,43,1.8644544714716094
KEYS TO MY LIFE,5,27.8,10,13.700364958642524
KING,2,41.5,36,7.7781745930520225
Karma,95,37.136842105263156,24,5.758639256962126
Karma (feat. Ice Spice),6,22.833333333333332,1,15.561705133649934
Kill Bill,247,22.91497975708502,4,12.162386134444523
Knee Deep (feat. Jimmy Buffett),2,46.0,45,1.4142135623730951
LA DURANGO,1,42.0,42,
LA PATRULLA,44,41.13636363636363,33,3.7141521245404467
LA PEOPLE II,4,45.25,42,3.304037933599835
LADY GAGA,150,29.066666666666666,7,10.963433221803681
LALA,49,38.02040816326531,29,5.5508625302678825
LEVII'S JEANS,9,24.22222222222222,10,11.766241729815194
LIL DEMON,3,34.0,13,19.0
LOOOVE,3,23.666666666666668,19,4.509249752822893
LOOOVE (feat. Kid Cudi),5,35.8,28,7.918333157931662
LOS PITS,2,19.0,19,0.0
LOST FOREVER,3,22.0,16,5.5677643628300215
LOST FOREVER (feat. Westside Gunn),4,34.25,27,7.182153808805082
LUNA,14,25.285714285714285,8,15.622609707277913
LUNCH,89,19.04494382022472,4,11.155828187706465
La Bebe - Remix,113,23.831858407079647,6,13.638117967449103
La Diabla,104,18.317307692307693,5,13.094328738361877
La Víctima,74,24.864864864864863,14,7.375123540779656
Lace It (with Eminem & benny blanco),5,38.4,32,4.669047011971501
Last Christmas - Single Version,63,19.666666666666668,4,16.65203658957802
Last Kiss (Taylor's Version),5,28.4,18,11.991663771137015
Last Night,492,22.61178861788618,1,14.554543220677138
Last Time I Saw You,3,42.666666666666664,34,7.76745346515403
Lavender Haze,6,41.0,23,10.119288512538814
Let It Snow! Let It Snow! Let It Snow!,42,15.523809523809524,6,13.268775184230954
Let It Snow! Let It Snow! Let It Snow! (with The B. Swanson Quartet),23,35.391304347826086,23,7.83778221434646
Let Me Calm Down (feat. J. Cole),1,42.0,42,
Lie To Girls,9,27.77777777777778,19,6.437735971942655
Lies Lies Lies,106,27.88679245283019,8,12.868803736698174
Light Year (Practice),2,29.0,8,29.698484809834994
Like Crazy,2,48.0,48,0.0
Like Him (feat. Lola Young),29,13.758620689655173,5,5.200653615609931
Like That,169,19.37869822485207,1,14.701749837869453
Lil Boo Thang,1,36.0,36,
Lithonia,7,42.0,28,7.302967433402214
Little Saint Nick - 1991 Remix,22,31.5,18,10.675963210698622
Lonely Road (with Jelly Roll),2,49.0,49,0.0
Long Live (Taylor's Version),5,25.0,20,6.819090848492928
Lose Control,329,23.49544072948328,5,8.652900817894057
Losers (Feat. Jelly Roll),6,32.0,20,10.039920318408907
Love Somebody,39,21.05128205128205,1,12.571791142220617
Love in This Club (feat. Young Jeezy),1,42.0,42,
Lover,2,40.0,30,14.142135623730951
Lovers Rock,67,43.08955223880597,35,4.444033600790732
Lovin On Me,157,10.751592356687897,1,12.482118518286734
Lucifer,4,34.5,17,11.676186592091328
Lucky Enough (Poem),1,31.0,31,
Lyft Em Up,1,49.0,49,
L’AMOUR DE MA VIE,26,30.26923076923077,12,12.27210721044334
M-E-X-I-C-O (Feat. Billy Strings),1,49.0,49,
MATHEMATICAL DISRESPECT,14,27.928571428571427,10,15.112217602956916
MELTDOWN,3,1.0,1,0.0
MELTDOWN (feat. Drake),86,22.0,1,14.110488381092312
MERCEDES CAROTA,2,17.0,17,0.0
MI EX TENÍA RAZÓN,15,33.13333333333333,13,10.070229580775395
MILLION DOLLAR BABY,206,14.946601941747574,1,12.322577458719524
MILLION DOLLAR BABY (VHS),14,39.857142857142854,30,5.627639795716288
MODERN JAM,3,9.666666666666666,5,5.033222956847167
MODERN JAM (feat. Teezo Touchdown),6,20.666666666666668,15,7.633260552782582
MOJABI GHOST,8,29.75,23,8.924284685220275
MONACO,66,22.333333333333332,1,15.9675953907939
MR. OCTOBER,7,25.428571428571427,6,16.102351203650798
MY EYES,27,26.14814814814815,6,12.58418942013443
MY HOUSE,2,43.5,40,4.949747468305833
MY ROSE,3,30.0,20,11.135528725660043
Ma Meilleure Ennemie (from the series Arcane League of Legends),1,36.0,36,
Magic Don Juan (Princess Diana),4,30.25,15,11.206396982676159
Magnetic,12,43.666666666666664,35,4.7161874689651855
"Mama, I’m Sorry",2,29.5,18,16.263455967290593
Mamaw's House,2,13.0,13,0.0
Mamushi (feat. Yuki Chiba),36,38.72222222222222,25,7.595529177882439
Margaritaville,3,13.666666666666666,6,12.423096769056148
Mean (Taylor's Version),6,23.666666666666668,10,13.246383154154445
Mechanical Bull,2,29.0,15,19.79898987322333
Mele Kalikimaka (Merry Christmas),18,37.55555555555556,23,8.603844709828838
Members Only (feat. PARTYNEXTDOOR),7,27.714285714285715,18,8.42049653552342
Memphis; The Blues (feat. John Moreland),1,46.0,46,
Meteor Man,1,20.0,20,
Mine (Taylor's Version),8,14.125,1,14.826978306933807
Missin’ You Like This (Feat. Luke Combs),3,40.333333333333336,33,6.350852961085883
Mistletoe,29,40.0,29,7.111359122659224
Mistletoe And Holly - Remastered 1999,2,50.0,50,0.0
Mmhmm,58,42.206896551724135,31,5.336924078595239
Money On The Dresser,1,23.0,23,
Money Trees,41,45.073170731707314,35,4.479900913538373
Monster Mash,8,26.25,2,18.506755523321747
Moonlight,105,42.266666666666666,30,5.319171903932952
Mourning,11,29.181818181818183,9,11.347406591976705
Mr Chow,1,39.0,39,
Mr. Brightside,3,33.0,21,10.392304845413264
Murder On The Dancefloor,31,35.193548387096776,20,6.794210058761847
My Boo,3,33.0,20,11.532562594670797
My Boy Only Breaks His Favorite Toys,29,18.93103448275862,7,10.053183697866771
My Love Mine All Mine,224,16.566964285714285,2,14.09433234303875
NADIE SABE,5,21.6,3,17.372391890583174
NEL,10,42.3,31,5.945119380167602
NEW DROP,4,48.0,46,1.4142135623730951
NIGHTS LIKE THIS,147,31.591836734693878,20,6.092612978408257
NO ME QUIERO CASAR,2,25.0,25,0.0
Nakamura,2,25.5,16,13.435028842544403
Needle (feat. Drake),7,29.714285714285715,10,9.911513266807205
Neva Play (feat. RM of BTS),6,44.166666666666664,38,3.4880749227427246
Never Grow Up (Taylor's Version),4,26.75,17,8.421203397773187
Never Lose Me,76,17.842105263157894,5,13.06910109796278
Never Love You Again (Feat. Sierra Ferrell),3,46.333333333333336,39,6.350852961085883
New Jeans,3,34.666666666666664,31,6.350852961085884
New Romantics,1,31.0,31,
New Romantics (Taylor's Version),9,27.444444444444443,12,11.641639823400213
New Year’s Day,1,39.0,39,
Night Changes,10,31.1,16,9.723396754449777
Nine Ball,3,43.333333333333336,36,6.350852961085883
No Complaints,1,24.0,24,
No Face,3,40.0,37,5.196152422706632
No One Noticed,52,36.75,17,9.622023349240704
No One Noticed (Extended English),2,37.5,30,10.606601717798213
No Pole,7,47.42857142857143,44,2.2990681342044397
No Role Modelz,272,34.51470588235294,19,7.474912821190176
Noid,26,19.923076923076923,3,14.59841930326178
Nonsense,3,48.0,45,2.6457513110645907
Northern Attitude (with Hozier),8,21.75,2,12.186057606953941
Nosedive (Feat. Lainey Wilson),5,34.2,25,7.529940238806679
Not Allowed,25,43.72,38,3.8678159211627423
Not An Option,1,37.0,37,
Not Like Us,201,11.99502487562189,1,12.712787858073385
Novacandy,1,36.0,36,
Now And Then,4,34.5,24,12.556538801224908
Now That We Don't Talk (Taylor's Version) (From The Vault),34,14.676470588235293,2,15.193141571187281
OCEAN,1,36.0,36,
OH LOUISIANA,2,38.5,32,9.192388155425117
ONE CALL,81,24.839506172839506,13,9.674007429865167
Oak Island,5,33.4,18,10.945318634009702
Of Course (Bonus Track),1,45.0,45,
Oh U Went (feat. Drake),8,17.375,3,14.201986782539567
Oklahoman Son,6,35.333333333333336,22,8.75595035770913
On The Radar Freestyle,1,46.0,46,
"One Of The Girls (with JENNIE, Lily Rose Depp)",94,32.638297872340424,15,9.082478776607317
One Of Your Girls,10,32.4,24,6.915361322607968
One Thing At A Time,10,45.4,38,3.747591819348052
Or What,13,40.76923076923077,35,4.342692063567753
Ours (Taylor’s Version),4,31.0,22,8.602325267042628
Out Of My Hands,2,49.0,49,0.0
Out Of The Woods,1,41.0,41,
Out Of The Woods (Taylor's Version),11,22.363636363636363,7,13.276089237970098
Overcompensate,1,48.0,48,
Overdrive,9,28.88888888888889,16,7.849274559544411
Overtime,12,26.5,2,16.09347693943108
PAID,6,27.333333333333332,9,15.214028613968974
PAPERWORK,4,27.75,16,10.53169818531972
PARASAIL,3,25.0,17,7.54983443527075
PARASAIL (feat. Yung Lean & Dave Chappelle),3,39.666666666666664,32,8.621678104251709
PERRO NEGRO,36,25.583333333333332,11,12.586557455135564
PLUTOSKI,1,23.0,23,
PRC,45,28.31111111111111,12,9.356140963953768
PRESS THE BUTTON,1,50.0,50,
PROBLEMATIC,3,32.666666666666664,27,4.932882862316248
PROMOTION,1,48.0,48,
PROTECTOR,4,29.75,14,13.720422734012244
Paars In The Mars,1,36.0,36,
Paint The Town Red,197,16.238578680203045,1,14.631142840758752
Parade on Cleveland (feat. Drake),1,4.0,4,
Parking Lot,7,38.142857142857146,29,6.890296835129129
Party In The U.S.A.,7,14.0,4,9.763879010584539
Patience (feat. Don Toliver),2,36.5,23,19.091883092036785
Paul Revere,1,36.0,36,
Pelle Coat,1,41.0,41,
"Peso Pluma: Bzrp Music Sessions, Vol. 55",46,23.456521739130434,3,15.676885350716734
Peter,7,39.42857142857143,33,6.373307431706683
Pi (feat. Daylyt & Ab-Soul),1,25.0,25,
Pink + White,217,39.60829493087557,23,6.8413587930202455
Pink Pony Club,148,21.66216216216216,12,8.74005094558079
Pink Skies,177,22.062146892655367,7,10.871228809072557
Please Come Home for Christmas - 2013 Remaster,12,38.416666666666664,24,9.976867183032896
Please Please Please,170,9.905882352941177,1,9.685129856698198
Pluto to Mars,3,26.333333333333332,19,8.082903768654761
Polar Opposites,5,36.8,26,8.555699854482976
Popular,1,44.0,44,
Popular (with Playboi Carti & Madonna),24,38.083333333333336,3,13.334873099497798
Popular (with Playboi Carti & Madonna) - From The Idol Vol. 1 (Music from the HBO Original Series),18,21.666666666666668,15,4.715431487960253
Popular (with Playboi Carti & Madonna) - Music from the HBO Original Series,27,28.962962962962962,21,7.089979285428571
Popular (with Playboi Carti & Madonna) - The Idol Vol. 1 (Music from the HBO Original Series),3,29.666666666666668,23,7.023769168568492
Por las Noches,41,35.146341463414636,20,10.245879600136231
Pour Me A Drink (Feat. Blake Shelton),35,24.914285714285715,9,12.071774148501824
Praise Jah In The Moonlight,42,34.45238095238095,21,10.037010489117401
"Pricey (feat. Ari Lennox, Young Dro & Gucci Mane)",3,25.666666666666668,7,17.616280348965084
Princess Diana (with Nicki Minaj),2,49.0,49,0.0
Psycho Killer - 2005 Remaster,1,46.0,46,
Purple Gas,2,41.0,34,9.899494936611665
Push Ups,28,21.214285714285715,11,11.67890514546742
QLONA,85,28.4,14,10.666145820617055
Que Onda,56,44.589285714285715,36,2.921872287136735
Qué Pasaría...,9,35.666666666666664,14,10.700467279516348
READY TO COOK UP,1,26.0,26,
RELOJ,2,47.0,47,0.0
RIIVERDANCE,4,36.5,28,8.06225774829855
ROSA PASTEL,1,48.0,48,
Rah Tah Tah,25,18.68,2,12.690941651429968
Ready ‘24 (feat. Cam’ron),2,22.5,11,16.263455967290593
Red Button,2,20.0,6,19.79898987322333
Red Leather,2,40.0,40,0.0
Red Wine Supernova,149,27.543624161073826,14,9.538317618580638
Rehab,1,48.0,48,
Religiously,67,33.88059701492537,21,7.170060622835936
Renaissance,7,21.714285714285715,2,14.727686916307052
Rich Baby Daddy (feat. Sexyy Red & SZA),141,26.326241134751772,10,9.657340993033458
Rich Flex,18,44.05555555555556,38,3.472111109333277
Rich Girl,2,35.0,30,7.0710678118654755
Rich Men North of Richmond,54,15.722222222222221,1,12.044597421417834
Road Rage,1,23.0,23,
Robin,4,42.75,37,6.652067347825035
Rockin' Around The Christmas Tree,61,12.80327868852459,1,15.459430425181852
Romantic Homicide,22,47.72727272727273,43,2.051290376273482
Rompe La Dompe,1,32.0,32,
Rudolph The Red-Nosed Reindeer,8,38.875,29,9.218575966880291
Run Rudolph Run,20,32.65,21,8.886861976506312
Runnin Outta Time,3,32.333333333333336,17,13.428824718989123
Rush,10,42.8,38,3.2249030993194205
S91,1,23.0,23,
SABOR FRESA,47,32.40425531914894,10,10.791823745756874
SAY MY GRACE (feat. Travis Scott),6,31.166666666666668,25,8.998147957589198
SEDA,5,26.4,8,16.87601848778319
SIRENS,9,20.88888888888889,9,10.469532516359608
SKI,2,29.0,14,21.213203435596427
SKINNY,14,24.071428571428573,9,11.391388688993816
SKITZO,3,17.333333333333332,14,3.5118845842842465
SKITZO (feat. Young Thug),5,24.2,20,3.8340579025361627
SLIDE,3,40.0,28,10.392304845413264
SLUT ME OUT,33,36.54545454545455,17,9.21646254363255
SMOKE HOUR ★ WILLIE NELSON,3,28.333333333333332,17,13.316656236958787
SPAGHETTII,6,29.833333333333332,15,12.303116136437415
STARS,6,14.833333333333334,4,7.756717518813397
SWEET ★ HONEY ★ BUCKIIN',2,41.5,37,6.363961030678928
Sailor Song,94,14.77659574468085,3,11.126983820047311
Santa Baby (with Henri René & His Orchestra),23,30.565217391304348,18,11.288876612748746
"Santa Claus Is Comin' to Town - Live at C.W. Post College, Greenvale, NY - December 1975",5,35.2,31,7.1902712048990205
Santa Claus Is Coming To Town,5,38.2,33,7.395944834840238
Santa Tell Me,37,18.89189189189189,7,12.317069871126419
Santa Tell Me - Naughty Version,2,9.5,9,0.7071067811865476
"Santa, Can’t You Hear Me",4,45.25,42,2.3629078131263053
Sarah's Place (feat. Noah Kahan),13,24.076923076923077,4,14.86865572528072
Saturn,119,22.92436974789916,3,12.587429607879216
Saturn Returns Interlude,5,32.0,19,9.9498743710662
Say Don't Go (Taylor's Version) (From The Vault),23,18.304347826086957,4,14.858223259157613
Say Yes To Heaven,15,39.6,10,10.795501708714474
Scared To Start,127,38.976377952755904,13,10.540522386176036
Screw The World - Interlude,2,24.5,21,4.949747468305833
Search & Rescue,84,31.0,11,12.55445967898759
See You Again (feat. Kali Uchis),444,29.382882882882882,4,11.80665438779139
Seen it All,1,39.0,39,
Self Love (Spider-Man: Across the Spider-Verse) (Metro Boomin & Coi Leray),25,27.44,17,10.801543099637819
Selfish,2,44.0,44,0.0
September,3,19.666666666666668,12,7.094598884597588
Seven (feat. Latto) (Explicit Ver.),89,22.49438202247191,1,9.93058131996312
Shake It Off,1,34.0,34,
Shake It Off (Taylor's Version),6,31.833333333333332,15,13.257702163899545
Sharpest Tool,23,26.52173913043478,8,13.84941602056462
She Calls Me Back (with Kacey Musgraves),1,46.0,46,
She Stank,1,50.0,50,
Should've Been A Cowboy,5,27.4,5,16.92040188648012
Shut up My Moms Calling,45,46.355555555555554,41,2.939971826979696
Si Antes Te Hubiera Conocido,51,46.568627450980394,36,3.312128632530956
Si No Quieres No,1,50.0,50,
Sign Me Up,1,44.0,44,
Single Soon,10,35.6,21,8.630694577430537
Skin and Bones,1,37.0,37,
Sleigh Ride,34,19.38235294117647,9,8.323077467999706
Slim Pickins,16,24.9375,13,10.298664962022988
Slime You Out (feat. SZA),42,16.571428571428573,1,12.36664052640844
Slimed In,5,26.0,13,11.090536506409418
Slow It Down,197,37.36040609137056,19,7.2137238704532045
Smaller Acts,11,33.0,19,11.907980517283358
Smeraldo Garden Marching Band (feat. Loco),14,40.714285714285715,24,7.965585317511165
Snooze,282,30.45035460992908,9,12.31695948588803
Snooze (Acoustic) (feat. Justin Bieber),1,36.0,36,
Snow On The Beach (feat. More Lana Del Rey),3,20.0,4,16.522711641858304
Snowman,5,43.6,38,4.277849927241488
So High School,18,32.77777777777778,21,9.65618092546735
"So Long, London",35,19.4,4,14.783138248375689
Somebody Save Me,10,37.7,24,7.5726114679444905
Somebody's Watching Me - Single Version,3,19.333333333333332,7,19.655363983740756
Something Real,4,39.25,29,8.301606270274847
Something in the Orange,536,26.292910447761194,9,9.347598328133005
Sparks Fly (Taylor’s Version),7,14.714285714285714,3,11.338934190276817
Speak Now (Taylor's Version),7,22.714285714285715,8,15.228419547174353
Speed Drive (From Barbie The Album),30,37.333333333333336,23,8.018656407074234
Spin Again,2,25.5,13,17.67766952966369
Spin You Around (1/24),10,34.5,23,9.991663191547909
"Spooky, Scary Skeletons - Undead Tombstone Remix",2,17.5,11,9.192388155425117
Spotless (feat. The Lumineers),28,25.821428571428573,6,15.444173230460954
St. Chroma (feat. Daniel Caesar),29,7.551724137931035,1,8.740652994961252
Stand By Me (feat. Morgan Wallen),31,19.516129032258064,3,11.729935969538042
Standing Next to You,14,25.071428571428573,17,7.332375894874476
Stargazing,76,37.43421052631579,23,7.584783936831761
Stealth Mode (feat. Bas),1,33.0,33,
Stick Season,414,18.28985507246377,1,11.360610915190891
"Sticky (feat. GloRilla, Sexyy Red & Lil Wayne)",29,4.551724137931035,2,3.1462699786135837
Stickz N Stonez,2,33.0,18,21.213203435596427
Stories About My Brother,2,29.5,12,24.748737341529164
Story of My Life,6,37.833333333333336,24,11.14300976696452
Strangers,83,33.24096385542169,15,9.794959332633592
Style,38,34.39473684210526,8,10.854167150153476
Style (Taylor's Version),18,26.38888888888889,5,15.782115301780454
Suburban Legends (Taylor's Version) (From The Vault),14,15.857142857142858,5,12.799381853205874
Suicide Doors,3,7.0,3,4.0
Summertime's Close,12,27.333333333333332,4,14.754557590689384
Sun to Me,82,44.207317073170735,33,4.4186412214505975
Sunflower - Spider-Man: Into the Spider-Verse,44,36.09090909090909,26,6.781706521251163
Super Freak,1,35.0,35,
Super Shy,51,25.54901960784314,9,10.551424028045119
Superhero (Heroes & Villains) [with Future & Chris Brown],40,38.675,25,6.244536073178759
Superman (Taylor’s Version),3,32.333333333333336,23,11.372481406154654
Sure Thing,16,43.625,35,4.5
Surround Sound (feat. 21 Savage & Baby Tate),110,25.554545454545455,9,11.929138147722837
Sweater Weather,183,37.24590163934426,21,7.906713806698787
Sweet Dreams,4,43.5,42,1.9148542155126762
Sweet Home Alabama,3,33.0,26,12.12435565298214
Sympathy is a knife featuring ariana grande,6,29.833333333333332,8,13.07542223664944
TALKING,6,15.5,6,9.50263121456368
TEFLON DON,6,35.833333333333336,10,14.972196454317137
TELEFONO NUEVO,5,23.0,10,11.874342087037917
TELEKINESIS,3,13.666666666666666,12,1.5275252316519465
TELEKINESIS (feat. SZA & Future),67,28.611940298507463,10,11.82697894758779
TEXAS HOLD 'EM,64,13.671875,1,11.154121862513852
TGIF,2,36.5,36,0.7071067811865476
THANK GOD,9,14.333333333333334,4,6.946221994724902
THE DINER,14,30.214285714285715,16,9.664992908020569
THE GREATEST,18,29.333333333333332,11,12.83836163269148
THUNDER Y LIGHTNING,2,30.0,30,0.0
TIL FURTHER NOTICE,3,20.333333333333332,18,2.081665999466133
TIL FURTHER NOTICE (feat. James Blake & 21 Savage),6,27.5,22,10.153817016275209
TOO FAST,2,33.5,17,23.33452377915607
TOO MUCH,1,33.0,33,
TOPIA TWINS,3,7.0,4,3.0
TOPIA TWINS (feat. Rob49 & 21 Savage),18,26.944444444444443,7,11.628930567502362
TQG,1,50.0,50,
TQM,68,25.029411764705884,8,10.130448544290438
TULUM,22,37.90909090909091,28,6.753546446896595
TV,1,50.0,50,
TYRANT,4,37.0,33,4.898979485566356
"Take Me Home, Country Roads",2,42.0,42,0.0
Take Two,1,17.0,17,
Take Your Mask Off (feat. Daniel Caesar & LaToiya Williams),12,26.0,8,13.259644860183165
Talk talk featuring troye sivan,2,47.0,46,1.4142135623730951
Talking / Once Again,1,33.0,33,
Taste,96,4.625,1,5.4911411909499614
Tell Ur Girlfriend,33,34.75757575757576,16,9.31071393285144
Temporary,1,27.0,27,
That Fiya,1,20.0,20,
That’s So True,38,8.052631578947368,1,9.863795027629273
The Addams Family,1,39.0,39,
The Albatross,10,33.3,24,9.45221902224258
The Alchemy,21,28.761904761904763,11,14.470330894298035
The Black Dog,15,31.066666666666666,20,10.208306608322646
The Bolter,7,39.714285714285715,34,5.2508502712826
The Christmas Song (Merry Christmas To You),34,19.852941176470587,10,6.74259348062152
The Emptiness Machine,16,33.125,17,9.932270636667125
The End (feat. BABYMETAL),1,43.0,43,
The Great American Bar Scene,2,23.0,14,12.727922061357855
The Kind of Love We Make,7,47.42857142857143,44,2.1491969707422407
The Man He Sees in Me,7,28.0,14,11.604596790352806
The Manuscript,5,42.8,36,6.300793600809346
The Prophecy,13,34.46153846153846,25,8.66617355599137
The Rush (feat. Big Time Rush),1,33.0,33,
The Shoe Fits,2,25.0,15,14.142135623730951
The Smallest Man Who Ever Lived,28,26.785714285714285,12,10.764678670462342
The Story Of Us (Taylor's Version),6,24.333333333333332,13,11.67333142965909
The Thin Grey Line,5,40.6,24,10.4546640309481
The Tortured Poets Department,28,22.857142857142858,5,12.176827676990927
The Way Back,3,44.333333333333336,36,7.371114795831993
"The girl, so confusing version with lorde",2,25.0,25,0.0
Thick Of It (feat. Trippie Redd),2,48.0,46,2.8284271247461903
Think U The Shit (Fart),15,28.0,14,11.777702904823409
Thinkin Bout You,7,43.57142857142857,36,5.5334480768366845
Thinkin’ Bout Me,324,39.01851851851852,21,7.1429215191948865
This Christmas,5,35.8,30,7.91833315793166
This Is Halloween,6,23.166666666666668,4,19.322698224281893
This Love (Taylor’s Version),6,35.833333333333336,21,11.49637624065369
This World's A Giant,3,23.0,11,10.583005244258363
Thought I Was Dead (feat. ScHoolboy Q & Santigold),25,26.4,6,14.130345596151095
Thriller,5,25.2,7,17.369513522260778
Thriller - 2003 Edit,1,23.0,23,
Ticking,13,26.615384615384617,10,13.200621585986406
Timeless (Taylor’s Version) (From The Vault),6,24.0,16,8.854377448471462
Timeless (with Playboi Carti),60,10.083333333333334,1,6.919125218212972
Tobey (feat. Big Sean and BabyTron),16,30.5,15,8.547904226573122
Tomorrow,9,31.333333333333332,11,14.465476141489432
Too Cool To Die,1,38.0,38,
Too Sweet,230,16.465217391304346,1,11.679718123941095
Total Eclipse of the Heart,1,36.0,36,
Tough,20,28.45,15,10.0024996875781
Tourniquet,42,29.833333333333332,8,14.447409535152756
Tradesman,8,32.375,18,9.210824377561744
Trae The Truth in Ibiza,1,34.0,34,
Training Season,8,32.0,24,6.458659745975609
Trance (with Travis Scott & Young Thug),19,44.421052631578945,33,4.7878989763973845
Tried Our Best,7,21.428571428571427,12,6.1062029351892875
Trouble,4,26.5,11,10.598742063723098
Try That In A Small Town,7,12.142857142857142,6,4.980915960897534
Tu Boda,39,23.58974358974359,11,7.704127221711301
Turks & Caicos (feat. 21 Savage),1,43.0,43,
Two Faced,1,46.0,46,
Type Shit,85,25.67058823529412,3,13.612309061404433
Tú Con Él,1,44.0,44,
UN PREVIEW,17,26.235294117647058,3,14.337579170508118
UNA NOCHE EN MEDELLÍN - REMIX,1,40.0,40,
Una Velita,1,20.0,20,
Uncle M,1,38.0,38,
Underneath the Tree,34,20.294117647058822,10,8.778518587540859
Used To Be Young,17,22.941176470588236,10,11.945033425211156
VOU 787,3,23.666666666666668,11,21.93931022920578
VUELVE CANDY B,2,22.0,22,0.0
VULTURES,4,28.25,17,14.174507634012077
VVS,4,29.0,16,10.392304845413264
Virginia Beach,28,19.071428571428573,2,12.11955435994236
Vultures,2,33.5,33,0.7071067811865476
WHATCHU KNO ABOUT ME (feat. Sexyy Red),12,33.416666666666664,22,6.921092049056645
WHERE SHE GOES,94,21.79787234042553,1,14.553261310758725
WHISKEY WHISKEY (feat. Morgan Wallen),3,39.666666666666664,38,2.886751345948128
WILDFLOWER,147,27.959183673469386,10,12.536455088196254
WTFYM,1,40.0,40,
Wagon Wheel,2,41.0,41,0.0
Wanna Be (with Megan Thee Stallion),19,37.63157894736842,25,8.970386628084093
Want Me Dead (feat. 21 Savage),1,33.0,33,
War Bout It (feat. 21 Savage),3,29.333333333333332,13,17.61628034896508
Wasted On You,193,34.740932642487046,14,11.073393090752006
Watch This - ARIZONATEARS Pluggnb Remix,3,47.0,46,1.0
Water,52,31.423076923076923,11,8.289719959900616
We Don't Trust You,13,27.307692307692307,4,16.947883916016455
We Found Love,1,38.0,38,
We Good,1,14.0,14,
We Still Don't Trust You,7,22.714285714285715,15,5.851332774513447
Welcome To New York (Taylor's Version),10,24.0,9,12.292725943057183
Werewolf (feat. Bring Me The Horizon),3,34.666666666666664,24,12.897028081435403
What Don't Belong To Me,7,27.571428571428573,16,11.759494644146672
What Is This Feeling?,1,45.0,45,
"What Was I Made For? [From The Motion Picture ""Barbie""]",142,26.45774647887324,3,13.732822017319844
What Would Pluto Do,7,18.285714285714285,14,3.3022358947782497
Whatever She Wants,79,23.40506329113924,4,14.5386478644581
Whatever She Wants [BONUS],10,20.9,17,2.0789954839350226
When Emma Falls in Love (Taylor’s Version) (From The Vault),7,21.571428571428573,12,12.554642472768695
When It Rains It Pours,6,47.166666666666664,43,3.311595788538611
Where the Wild Things Are,46,43.67391304347826,34,4.94437659400876
Whiskey Glasses,9,46.22222222222222,39,3.38296385503074
White Christmas - 1947 Version,56,25.285714285714285,11,10.494525474506457
White Horse,2,35.5,35,0.7071067811865476
Who,129,7.658914728682171,1,5.1348930795085215
Who Told You (feat. Drake),1,31.0,31,
Who’s Afraid of Little Old Me?,41,21.70731707317073,7,13.509707440279792
Wick Man,1,21.0,21,
Wild Ones (feat. Jelly Roll),3,46.666666666666664,46,1.1547005383792526
Wildest Dreams (Taylor's Version),15,29.2,10,13.417472617023352
Wildflower and Barley (feat. Allison Russell),2,32.0,16,22.627416997969522
Wind Up Missin’ You,13,46.07692307692308,41,3.2005608482873353
Winter Wonderland - Remastered,3,46.666666666666664,46,1.154700538379251
Winter Wonderland - Spotify Singles Holiday,4,39.75,37,2.0615528128088303
"Wit Da Racks (feat. 21 Savage, Travis Scott & Yak Gotti)",1,13.0,13,
Wonderful Christmastime - Edited Version / Remastered 2011,13,38.0,26,8.366600265340756
Wonderland (Taylor's Version),6,30.5,19,9.22496612459905
World Tour (Aquafina),1,49.0,49,
Wrong Ones (Feat. Tim McGraw),7,18.285714285714285,9,5.707138387268052
YA YA,7,31.142857142857142,20,10.714920616109286
Yeah Glo!,28,44.285714285714285,32,4.378881498122916
Yeah! (feat. Lil Jon & Ludacris),8,30.5,8,14.5209208680835
You Are In Love (Taylor's Version),6,32.0,22,9.633275663033835
You Broke My Heart,7,16.0,2,11.40175425099138
You Proof,302,32.59933774834437,9,12.026068012959367
You Should Probably Leave,2,46.0,46,0.0
Young Metro,13,29.53846153846154,6,16.199873377156297
"Your Needs, My Needs",1,47.0,47,
Yours,1,46.0,46,
You’re Gonna Go Far,1,39.0,39,
You’re Losing Me (From The Vault),16,21.5,1,18.611824198610947
Zoom (Bonus Track),1,32.0,32,
act ii: date @ 8,53,37.283018867924525,25,6.904227686131508
act ii: date @ 8 (feat. Drake) - remix,13,33.23076923076923,16,8.955015784034538
all of me,10,22.9,8,14.145670715805597
all-american bitch,27,17.703703703703702,4,12.076088308384833
august,39,30.641025641025642,9,10.810538667836996
back at it,1,44.0,44,
back to the moon,2,27.5,18,13.435028842544403
bad idea right?,83,17.843373493975903,1,14.33610649571082
ballad of a homeschooled girl,14,18.571428571428573,10,7.418420791042189
bye,13,16.846153846153847,2,9.538047964565862
cardigan,13,45.53846153846154,36,5.4713707090543044
dangerous,5,26.2,15,11.861703081766969
"dodger blue (feat. wallie the sensei, roddy ricch, siete7x)",1,10.0,10,
"dodger blue (feat. wallie the sensei, siete7x, roddy ricch)",2,7.5,7,0.7071067811865476
"dodger blue (feat. wallie the sensei, siete7x, roddy ricch))",1,8.0,8,
don't wanna break up again,11,26.363636363636363,7,13.36617168281724
eternal sunshine,13,15.538461538461538,5,8.089245789064481
euphoria,63,22.53968253968254,1,15.534379559051924
exes,66,37.621212121212125,13,10.090002899313678
fukumean,236,15.055084745762711,1,12.463783090577186
get him back!,34,17.147058823529413,3,14.2214783209341
girl i’ve always been,1,29.0,29,
gloria (feat. sza),1,17.0,17,
gloria (with sza),3,13.333333333333334,12,1.5275252316519465
"gnx (feat. hitta j3, youngthreat, peysoh)",4,14.0,11,2.1602468994692865
golden hour,40,43.1,31,5.309884348540163
greedy,217,14.110599078341014,3,8.566014248319142
heart pt. 6,4,10.75,9,1.5
hey now (feat. dody6),4,5.0,5,0.0
i like the way you kiss me,100,19.09,3,11.981547260161133
i wish i hated you,7,26.428571428571427,19,8.403514004215596
if u think i'm pretty,6,47.833333333333336,46,1.3291601358251257
imgonnagetyouback,15,29.733333333333334,22,8.258905727124134
imperfect for you,7,29.285714285714285,22,7.910210399946931
intro (end of the world),9,26.77777777777778,8,13.470131567451167
just like me,2,46.0,46,0.0
lacy,18,22.38888888888889,10,12.334260696454594
letter to my brudda,2,36.0,36,0.0
logical,14,19.142857142857142,9,9.614549414276285
loml,22,29.954545454545453,13,12.785696147415125
love hotel,1,37.0,37,
love is embarrassing,14,20.785714285714285,12,8.29437781251272
luther (with sza),4,2.75,2,0.5
making the bed,14,14.571428571428571,7,6.477348528220784
man at the garden,4,6.25,4,1.707825127659933
meet the grahams,13,13.923076923076923,5,7.931598603702561
misses,2,47.5,47,0.7071067811865476
n.h.i.e.,14,21.285714285714285,6,12.356428233163443
née-nah,27,24.14814814814815,4,15.396562312871373
obsessed,27,29.074074074074073,9,11.020700542880224
on one tonight,3,48.666666666666664,48,1.154700538379251
one of wun,68,38.69117647058823,19,9.159054492264689
ordinary things (feat. Nonna),5,36.0,28,7.810249675906654
peekaboo (feat. azchike),4,10.25,9,0.9574271077563381
pop ur shit,5,23.2,13,11.627553482998906
pretty isn’t pretty,14,29.142857142857142,14,13.88334443667133
prove it,3,30.666666666666668,25,9.814954576223638
red sky,3,34.333333333333336,29,9.237604307034012
redrum,116,15.89655172413793,2,15.525227330321803
reincarnated,4,6.5,6,0.5773502691896258
run for the hills,4,40.25,34,7.22841614740048
scared of my guitar,1,32.0,32,
see the real,2,39.0,39,0.0
should've wore a bonnet,4,31.0,21,12.24744871391589
sneaky,6,30.5,17,13.03456942135029
so american,6,30.333333333333332,20,8.04155872120988
squabble up,4,1.0,1,0.0
stranger,1,30.0,30,
supernatural,12,23.833333333333332,9,12.246211535397263
teenage dream,9,27.22222222222222,17,13.026682019779422
thanK you aIMee,9,28.77777777777778,18,9.731107051330001
the boy is mine,23,20.043478260869566,4,14.977189507167118
the grudge,22,20.727272727272727,6,14.765409442928293
true story,8,25.0,11,12.20070255588353
tv off (feat. lefty gunplay),4,3.25,2,1.8929694486000912
un x100to,100,19.6,3,15.902480589168752
us. (feat. Taylor Swift),8,29.75,12,12.302729081677075
vampire,258,22.337209302325583,1,14.69980581553335
wacced out murals,4,3.5,2,1.0
we can't be friends (wait for your love),116,22.974137931034484,1,14.171288307484716
we fell in love in october,11,46.63636363636363,38,3.748939243912264
x2,3,24.0,8,17.69180601295413
"yes, and?",43,15.581395348837209,1,10.830364189759964
you look like you love me (feat. Riley Green),18,36.611111111111114,22,8.261454713724945
